{"cameraMode":{"drawMode":0,"name":"Shaded","section":"Shading Mode"},"sceneLighting":true,"audioPlay":false,"sceneViewState":{"m_AlwaysRefresh":false,"showFog":true,"showSkybox":true,"showFlares":true,"showImageEffects":true,"showParticleSystems":true,"showVisualEffectGraphs":true,"m_FxEnabled":true},"in2DMode":false,"pivot":{"x":103.69670104980469,"y":459.20013427734377,"z":-153.809814453125},"rotation":{"x":0.21428954601287843,"y":0.017580775544047357,"z":-0.0038576312363147737,"w":0.9766045808792114},"size":635.828857421875,"orthographic":true}